Symbol,Name,Last Sale,Net Change,% Change,Market Cap,Country,IPO Year,Volume,Sector,Industry
AAMC,Altisource Asset Management Corp Com,$16.98,-0.2742,-1.589%,34780457.00,United States,,1650,Finance,Investment Managers
AAU,Almaden Minerals Ltd. Common Shares,$0.5326,0.0016,0.301%,73084122.00,Canada,2015,757286,Basic Industries,Precious Metals
ACU,Acme United Corporation. Common Stock,$41.91,-0.52,-1.226%,145994617.00,United States,1988,6015,Consumer Durables,Home Furnishings
ACY,AeroCentury Corp. Common Stock,$12.54,-0.04,-0.318%,19385385.00,United States,,207663,Technology,Diversified Commercial Services
ADRA,Adara Acquisition Corp. Class A Common Stock,$9.72,0.00,0.00%,139725000.00,United States,2021,93,,
AE,Adams Resources & Energy Inc. Common Stock,$28.05,-0.05,-0.178%,119240971.00,United States,,5991,Energy,Oilfield Services/Equipment
AEF,Aberdeen Emerging Markets Equity Income Fund Inc. Common Stock,$9.165,0.085,0.936%,465140045.00,United States,,29094,,
AGE,AgeX Therapeutics Inc. Common Stock,$1.45,0.10,7.407%,55005878.00,,2018,197585,Health Care,Major Pharmaceuticals
AIM,AIM ImmunoTech Inc. Common Stock,$2.13,0.05,2.404%,84539726.00,United States,,288137,Health Care,Biotechnology: Biological Products (No Diagnostic Substances)
AINC,Ashford Inc. (Holding Company) Common Stock,$24.99,-1.51,-5.698%,75210979.00,United States,2014,79171,Consumer Services,Professional Services
AIRI,Air Industries Group Common Stock,$1.24,-0.01,-0.80%,39726558.00,United States,,53922,Capital Goods,Military/Government/Technical
AMBO,Ambow Education Holding Ltd. American Depository Shares each representing two Class A ordinary shares,$2.19,0.01,0.459%,50859837.00,China,,145610,Miscellaneous,Service to the Health Industry
AMPE,Ampio Pharmaceuticals Inc.,$1.75,0.04,2.339%,342455974.00,United States,,918258,Health Care,Major Pharmaceuticals
AMS,American Shared Hospital Services Common Stock,$3.13,0.05,1.623%,18157130.00,United States,,2816786,Health Care,Medical Specialities
ANVS,Annovis Bio Inc. Common Stock,$63.98,3.33,5.491%,444486271.00,United States,2020,835337,Consumer Durables,Specialty Chemicals
APT,Alpha Pro Tech Ltd. Common Stock,$7.99,-0.03,-0.374%,106524685.00,Canada,,180250,,
ARMP,Armata Pharmaceuticals Inc. Common Stock,$4.04,-0.11,-2.651%,100759386.00,United States,,2184,Health Care,Biotechnology: Biological Products (No Diagnostic Substances)
ASM,Avino Silver & Gold Mines Ltd. Common Shares (Canada),$1.29,-0.02,-1.527%,130119777.00,Canada,,1541629,,
ASXC,Asensus Surgical Inc. Common Stock,$2.99,0.29,10.741%,697330246.00,United States,,16383187,Health Care,Medical/Dental Instruments
ATNM,Actinium Pharmaceuticals Inc. (Delaware) Common Stock,$8.30,-0.20,-2.353%,167617413.00,United States,,243894,Health Care,Major Pharmaceuticals
AUMN,Golden Minerals Company Common Stock,$0.7211,-0.0021,-0.29%,117156837.00,United States,,381801,,
AWX,Avalon Holdings Corporation Common Stock,$4.44,0.01,0.226%,17313474.00,United States,,48356,Public Utilities,Environmental Services
AXU,Alexco Resource Corp Common Shares (Canada),$2.95,0.05,1.724%,420279933.00,Canada,,975895,Basic Industries,Precious Metals
BATL,Battalion Oil Corporation Common Stock,$12.51,-0.09,-0.714%,203507638.00,,,12987,Energy,Oil & Gas Production
BCV,Bancroft Fund Ltd.,$31.28,0.24,0.773%,172596346.00,United States,,10399,,
BCV^A,Bancroft Fund Limited 5.375% Series A Cumulative Preferred Shares,$25.7095,-0.0302,-0.117%,,United States,,2573,,
BDL,Flanigan's Enterprises Inc. Common Stock,$35.50,5.895,19.912%,65981969.00,United States,,53278,Consumer Services,Restaurants
BDR,Blonder Tongue Laboratories Inc. Common Stock,$1.34,0.05,3.876%,16027077.00,United States,,1175626,Capital Goods,Industrial Machinery/Components
BGI,Birks Group Inc. Common Stock,$3.40,0.34,11.111%,61100995.00,Canada,,1132882,,
BHB,Bar Harbor Bankshares Inc. Common Stock,$29.97,-0.35,-1.154%,448809741.00,United States,,16286,Finance,Major Banks
BKTI,BK Technologies Corporation Common Stock,$3.30,-0.70,-17.50%,41370354.00,United States,,412224,Technology,Radio And Television Broadcasting And Communications Equipment
BMTX,BM Technologies Inc. Common Stock,$13.30,0.31,2.386%,162265027.00,,2018,67483,Technology,EDP Services
BRBS,Blue Ridge Bankshares Inc. Common Stock,$17.55,1.00,6.042%,490208250.00,,,42603,Finance,Commercial Banks
BRG,Bluerock Residential Growth REIT Inc. Class A Common Stock,$9.65,0.13,1.366%,273021023.00,,2014,277921,Consumer Services,Real Estate Investment Trusts
BRG^C,Bluerock Residential Growth REIT Inc. 7.625% Series C Cumulative Redeemable Preferred Stock,$25.67,0.00,0.00%,,,,99,,
BRG^D,Bluerock Residential Growth REIT Inc. 7.125% Series D Cumulative Preferred Stock ($0.01 par value per share),$25.36,-0.05,-0.197%,,,,4163,,
BRN,Barnwell Industries Inc. Common Stock,$3.25,-0.01,-0.307%,26900770.00,United States,,181556,Energy,Oil & Gas Production
BTG,B2Gold Corp Common shares (Canada),$5.03,0.09,1.822%,5291302107.00,Canada,,4004340,Basic Industries,Precious Metals
BTN,Ballantyne Strong Inc. Common Stock,$5.00,-0.07,-1.381%,91507720.00,United States,,62454,Miscellaneous,Industrial Machinery/Components
BTX,Brooklyn ImmunoTherapeutics Inc. Common Stock,$16.25,-2.59,-13.747%,676207009.00,United States,,3917923,,
BWL/A,Bowl America Inc.,$8.80,0.04,0.457%,,United States,,1574,,
CANF,Can-Fite Biopharma Ltd Sponsored ADR (Israel),$2.09,0.01,0.481%,35930325.00,Israel,,95713,Health Care,Major Pharmaceuticals
CCF,Chase Corporation Common Stock,$102.22,-2.05,-1.966%,965812484.00,United States,,21149,Basic Industries,Paints/Coatings
CDOR,Condor Hospitality Trust Inc. Common Stock,$4.6843,0.1043,2.277%,56337842.00,United States,,31689,Consumer Services,Real Estate Investment Trusts
CEI,Camber Energy Inc. Common Stock,$0.6701,0.0059,0.888%,28178228.00,United States,,5069316,Energy,Oil & Gas Production
CET,Central Securities Corporation Common Stock,$42.17,0.115,0.273%,1106557795.00,United States,,47525,,
CEV,Eaton Vance California Municipal Income Trust Shares of Beneficial Interest,$13.62,0.00,0.00%,97159292.00,United States,1999,23060,,
CHAQ,Chardan Healthcare Acquisition 2 Corp. Common Stock,$10.015,0.01,0.10%,107944725.00,,2020,807,,
CHFW,Consonance-HFW Acquisition Corp. Class A Ordinary Shares,$9.89,0.00,0.00%,118027260.00,,2021,862,,
CIK,Credit Suisse Asset Management Income Fund Inc. Common Stock,$3.55,-0.01,-0.281%,185682498.00,United States,,790505,,
CIX,CompX International Inc. Common Stock,$20.65,-1.21,-5.535%,256083892.00,United States,1998,11380,Miscellaneous,Diversified Manufacture
CKX,CKX Lands Inc. Common Stock,$13.225,0.00,0.00%,25689496.00,United States,,21,Energy,Oil & Gas Production
CLM,Cornerstone Strategic Value Fund Inc. New Common Stock,$11.61,0.11,0.957%,901776970.00,United States,1987,855538,,
CMCL,Caledonia Mining Corporation Plc Common Shares,$14.34,-0.09,-0.624%,173783922.00,Canada,,40091,Basic Industries,Precious Metals
CMT,Core Molding Technologies Inc Common Stock,$12.72,-0.45,-3.417%,107922547.00,United States,,14321,Consumer Durables,Electronic Components
COHN,Cohen & Company Inc.,$22.53,-0.55,-2.383%,29898144.00,United States,,13734,Finance,Investment Managers
CPHI,China Pharma Holdings Inc. Common Stock,$0.75,0.0122,1.654%,32684668.00,China,,1982475,Health Care,Major Pharmaceuticals
CQP,Cheniere Energy Partners LP Cheniere Energy Partners LP Common Units,$41.94,0.04,0.095%,20299845899.00,United States,2007,79475,Public Utilities,Oil/Gas Transmission
CRF,Cornerstone Total Return Fund Inc. (The) Common Stock,$11.25,0.06,0.536%,461740590.00,United States,,328480,,
CTEK,CynergisTek Inc. Common Stock,$1.81,0.03,1.685%,21938463.00,United States,2017,32093,Technology,Retail: Computer Software & Peripheral Equipment
CVM,Cel-Sci Corporation Common Stock,$24.72,0.48,1.98%,1011210979.00,United States,,551501,Health Care,Biotechnology: Biological Products (No Diagnostic Substances)
CVR,Chicago Rivet & Machine Co. Common Stock,$25.9026,0.1332,0.517%,25025331.00,United States,,1276,Consumer Non-Durables,Industrial Specialties
CVU,CPI Aerostructures Inc. Common Stock,$3.84,0.05,1.319%,46964302.00,United States,,112996,Capital Goods,Military/Government/Technical
DHY,Credit Suisse High Yield Bond Fund Common Stock,$2.52,0.01,0.398%,260838653.00,United States,1998,717302,,
DIT,AMCON Distributing Company Common Stock,$134.00,-3.00,-2.19%,73883446.00,United States,,775,Consumer Non-Durables,Food Distributors
DLA,Delta Apparel Inc. Common Stock,$30.41,-0.08,-0.262%,212099411.00,United States,,13689,Consumer Non-Durables,Department/Specialty Retail Stores
DMF,BNY Mellon Municipal Income Inc. Common Stock,$9.16,-0.01,-0.109%,190088384.00,United States,1988,12817,,
DNN,Denison Mines Corp Ordinary Shares (Canada),$1.37,0.09,7.031%,1102720440.00,Canada,,16063874,Basic Industries,Other Metals and Minerals
DPW,Ault Global Holdings Inc. Common Stock,$2.74,-0.02,-0.725%,136382234.00,United States,,1560884,Capital Goods,Industrial Machinery/Components
DSS,Document Security Systems Inc. Common Stock,$2.87,-0.01,-0.347%,79413259.00,United States,,668749,Consumer Services,Recreational Products/Toys
DXF,Dunxin Financial Holdings Limited American Depositary Shares,$1.61,0.03,1.899%,33615491.00,China,,86730,Consumer Non-Durables,Apparel
DXR,Daxor Corporation Common Stock,$13.15,3.59,37.552%,53045483.00,United States,,177689,Health Care,Medical/Dental Instruments
EAD,Wells Fargo Income Opportunities Fund Common Shares,$8.79,0.02,0.228%,532552821.00,United States,2003,148775,,
ECF,Ellsworth Growth and Income Fund Ltd.,$14.11,-0.02,-0.142%,190477352.00,United States,1986,33381,,
ECF^A,Ellsworth Growth and Income Fund Ltd. 5.25% Series A Cumulative Preferred Shares (Liquidation Preference $25.00 per share),$26.15,0.03,0.115%,,United States,,338,,
EIM,Eaton Vance Municipal Bond Fund Common Shares of Beneficial Interest $.01 par value,$13.62,0.02,0.147%,980002366.00,United States,2002,89130,,
ELA,Envela Corporation Common Stock,$5.12,-0.16,-3.03%,137852831.00,United States,,70442,Consumer Services,Consumer Specialties
ELLO,Ellomay Capital Ltd Ordinary Shares (Israel),$28.41,0.07,0.247%,364768121.00,Israel,,2811,Public Utilities,Electric Utilities: Central
ELMD,Electromed Inc. Common Stock,$10.94,0.14,1.296%,94493375.00,United States,2011,140328,Health Care,Biotechnology: Electromedical & Electrotherapeutic Apparatus
EMAN,eMagin Corporation Common Stock,$3.57,0.07,2.00%,258007209.00,United States,,1965434,Capital Goods,Industrial Machinery/Components
EMX,EMX Royalty Corporation Common Shares (Canada),$3.43,-0.03,-0.867%,293766288.00,Canada,,147661,Basic Industries,Precious Metals
ENSV,Enservco Corporation Common Stock,$1.47,0.04,2.797%,16806107.00,United States,,152258,Energy,Oilfield Services/Equipment
ENX,Eaton Vance New York Municipal Bond Fund Common Shares of Beneficial Interest $.01 par value,$12.80,0.00,0.00%,231914163.00,United States,2002,11672,,
EPM,Evolution Petroleum Corporation Inc. Common Stock,$4.40,0.36,8.911%,147432789.00,United States,,389594,Energy,Oil & Gas Production
EQX,Equinox Gold Corp. Common Shares,$8.93,0.10,1.133%,2668958063.00,Canada,,1073913,Basic Industries,Precious Metals
ERC,Wells Fargo Multi-Sector Income Fund Common Stock no par value,$13.00,-0.01,-0.077%,365717144.00,United States,2003,69620,,
ERH,Wells Fargo Utilities and High Income Fund,$14.29,0.21,1.491%,132502739.00,,2004,18024,,
ESP,Espey Mfg. & Electronics Corp. Common Stock,$14.95,0.062,0.416%,40404363.00,United States,,824,Capital Goods,Industrial Machinery/Components
EVBN,Evans Bancorp Inc. Common Stock,$38.03,0.31,0.822%,206639960.00,United States,,22541,Finance,Major Banks
EVI,EVI Industries Inc.  Common Stock,$29.78,-0.93,-3.028%,365048392.00,United States,,6619,Capital Goods,Industrial Machinery/Components
EVM,Eaton Vance California Municipal Bond Fund Common Shares of Beneficial Interest $.01 par value,$11.85,0.00,0.00%,296182917.00,United States,2002,46591,,
EVV,Eaton Vance Limited Duration Income Fund Common Shares of Beneficial Interest,$13.01,0.02,0.154%,1511072704.00,United States,2003,384153,,
EVY,Eaton Vance New York Municipal Income Trust Shares of Beneficial Interest,$15.05,0.00,0.00%,81297511.00,United States,1999,4477,,
EXN,Excellon Resources Inc. Common Shares,$2.85,0.05,1.786%,92290450.00,,2020,35902,Basic Industries,Precious Metals
FAX,Aberdeen Asia-Pacific Income Fund Inc Common Stock,$4.32,0.02,0.465%,1070045718.00,United States,1986,350871,,
FCO,Aberdeen Global Income Fund Inc. Common Stock,$8.50,0.14,1.675%,74258652.00,United States,1992,42122,,
FEN,First Trust Energy Income and Growth Fund,$14.55,-0.07,-0.479%,282933044.00,United States,2004,95780,,
FRD,Friedman Industries Inc. Common Stock,$14.05,0.04,0.286%,97027178.00,United States,,94554,Basic Industries,Steel/Iron Ore
FSI,Flexible Solutions International Inc. Common Stock (CDA),$3.37,0.08,2.432%,41504064.00,Canada,,9699,Capital Goods,Recreational Products/Toys
FSP,Franklin Street Properties Corp. Common Stock,$5.30,-0.11,-2.033%,568839455.00,United States,,253587,Consumer Services,Real Estate Investment Trusts
FTF,Franklin Limited Duration Income Trust Common Shares of Beneficial Interest,$9.18,-0.02,-0.217%,276674505.00,United States,2003,145875,,
FTSI,FTS International Inc. Class A Common Stock,$27.62,-0.05,-0.181%,386402971.00,United States,2020,43539,Energy,Oilfield Services/Equipment
FURY,Fury Gold Mines Limited Common Shares,$1.41,0.05,3.676%,166282334.00,,2020,141251,Basic Industries,Precious Metals
GAU,Galiano Gold Inc.,$1.29,0.01,0.781%,289828326.00,Canada,,490774,Basic Industries,Precious Metals
GBR,New Concept Energy Inc Common Stock,$5.17,0.14,2.783%,26532099.00,United States,,406599,Consumer Services,Real Estate
GDP,Goodrich Petroleum Corporation Common Stock,$11.38,-0.39,-3.314%,152518072.00,United States,2017,40843,Energy,Oil & Gas Production
GGN,GAMCO Global Gold Natural Resources & Income Trust,$4.16,0.00,0.00%,640557362.00,United States,2005,706020,,
GGN^B,GAMCO Global Gold Natural Reources & Income Trust 5.00% Series B Cumulative 25.00 Liquidation Preference,$25.55,0.00,0.00%,,United States,,96,,
GGO,The Gabelli Go Anywhere Trust Common Shares of Beneficial Interest,$16.40,-0.06,-0.365%,25370013.00,,2016,24829,,
GGO^A,The Gabelli Go Anywhere Trust Series A Cumulative Puttable and Callable Preferred Shares,$40.78,0.00,0.00%,,,,20,,
GLDG,GoldMining Inc. Common Shares,$1.66,-0.02,-1.19%,248188891.00,,,519810,Basic Industries,Precious Metals
GLO,Clough Global Opportunities Fund Common Stock,$12.40,0.10,0.813%,399582709.00,United States,2006,163404,,
GLQ,Clough Global Equity Fund Clough Global Equity Fund Common Shares of Beneficial Interest,$15.35,-0.01,-0.065%,203093225.00,United States,2005,69008,,
GLU,Gabelli Global Utility Common Shares of Beneficial Ownership,$22.20,0.01,0.045%,119293432.00,United States,2004,13155,,
GLU^B,The Gabelli Global Utility and Income Trust Series B Cumulative Puttable and Callable Preferred Shares,$52.2485,0.1735,0.333%,,United States,,1000,,
GLV,Clough Global Dividend and Income Fund Common Shares of beneficial interest,$11.59,-0.01,-0.086%,97615083.00,United States,2004,33756,,
GOED,1847 Goedeker Inc. Commom Stock,$2.66,0.10,3.906%,16255792.00,United States,2020,24848361,Consumer Services,Home Furnishings
GORO,Gold Resource Corporation Common Stock,$2.86,0.04,1.418%,212896126.00,United States,,1425768,Basic Industries,Precious Metals
GPL,Great Panther Mining Limited Ordinary Shares (Canada),$0.6879,0.0033,0.482%,244479508.00,Canada,,3020014,Basic Industries,Precious Metals
GRF,Eagle Capital Growth Fund Inc. Common Stock,$8.9132,-0.2468,-2.694%,36315238.00,United States,,4183,,
GROY,Gold Royalty Corp. Common Shares,$4.87,0.0947,1.983%,202695960.00,,2021,52306,,
GSAT,Globalstar Inc. Common Stock,$1.17,-0.03,-2.50%,2096640000.00,United States,2006,31476063,Consumer Services,Telecommunications Equipment
GSS,Golden Star Resources Ltd Common Stock,$3.46,0.12,3.593%,396835922.00,United States,,245111,Basic Industries,Precious Metals
GSV,Gold Standard Ventures Corporation Common Stock (Canada),$0.609,0.0078,1.297%,217703009.00,Canada,,632168,Basic Industries,Mining & Quarrying of Nonmetallic Minerals (No Fuels)
GTE,Gran Tierra Energy Inc. Common Stock,$0.7118,0.0087,1.237%,261217472.00,Canada,,3212046,Energy,Oil & Gas Production
HLM^,Hillman Group Capital Trust Preferred Stock,$27.205,-0.045,-0.165%,,United States,,18732,,
HMG,HMG/Courtland Properties Inc. Common Stock,$11.7987,0.00,0.00%,11884217.00,United States,,7,Consumer Services,Real Estate Investment Trusts
HNW,Pioneer Diversified High Income Fund Inc.,$15.09,0.02,0.133%,125741801.00,United States,2007,62156,,
HUSA,Houston American Energy Corporation Common Stock,$1.73,0.05,2.976%,17167375.00,United States,,136537,Energy,Oil & Gas Production
HWM^,Howmet Aerospace Inc. $3.75 Preferred Stock,$77.00,0.81,1.063%,,United States,,1706,,
IAF,Aberdeen Australia Equity Fund Inc Common Stock,$6.58,0.06,0.92%,153340919.00,United States,,58123,,
IBIO,iBio Inc. Common Stock,$1.40,-0.01,-0.709%,304990482.00,United States,,2927324,Health Care,Major Pharmaceuticals
ID,PARTS iD Inc. Class A Common Stock,$5.80,-0.11,-1.861%,192406045.00,United States,2017,46997,Miscellaneous,Diversified Commercial Services
IGC,India Globalization Capital Inc. Common Stock,$1.39,-0.02,-1.418%,63059189.00,United States,,543890,Technology,Engineering & Construction
IHT,InnSuites Hospitality Trust Shares of Beneficial Interest,$7.97,0.52,6.98%,70582750.00,United States,,2978321,Consumer Services,Real Estate Investment Trusts
IMH,Impac Mortgage Holdings Inc. Common Stock ,$1.99,0.03,1.531%,42452041.00,United States,1997,501119,Finance,Finance: Consumer Services
IMO,Imperial Oil Limited Common Stock,$34.07,0.34,1.008%,25009995043.00,Canada,,486259,Energy,Integrated oil Companies
INDO,Indonesia Energy Corporation Limited Ordinary Shares,$5.78,-0.0479,-0.822%,42933580.00,,2019,4640,Energy,Oil & Gas Production
INFU,InfuSystems Holdings Inc. Common Stock,$18.68,0.21,1.137%,382357128.00,United States,,99685,Health Care,Medical/Dental Instruments
INTT,inTest Corporation Common Stock,$15.06,0.46,3.151%,161851793.00,United States,1997,150371,Technology,Semiconductors
INUV,Inuvo Inc.,$0.7888,-0.0062,-0.78%,93487349.00,United States,,830190,Technology,Advertising
IOR,Income Opportunity Realty Investors Inc. Common Stock,$12.90,0.00,0.00%,53772541.00,United States,,190,Finance,Diversified Financial Services
ISDR,Issuer Direct Corporation Common Stock,$26.00,0.12,0.464%,97915350.00,United States,,9369,Technology,EDP Services
ISR,IsoRay Inc. Common Stock (DE),$0.8891,-0.0309,-3.359%,125776768.00,United States,,2217608,Health Care,Medical/Dental Instruments
ITP,IT Tech Packaging Inc. Common Stock,$0.5011,-0.0022,-0.437%,49633905.00,China,,3924215,Basic Industries,Paper
ITRG,Integra Resources Corp. Common Shares,$3.30,0.08,2.484%,180882973.00,,,37479,,
JOB,GEE Group Inc. Common Stock,$0.589,-0.0139,-2.306%,66851768.00,United States,,7703907,Technology,Diversified Commercial Services
KIQ,Kelso Technologies Inc Ordinary Shares,$0.6799,-0.0026,-0.381%,36898231.00,Canada,,519608,,
KLR,Kaleyra Inc. Common Stock,$11.51,0.24,2.13%,360347437.00,United States,2018,374825,Technology,Internet and Information Services
LCTX,Lineage Cell Therapeutics Inc. Common Stock,$2.86,0.08,2.878%,428946652.00,United States,,1529939,Health Care,Biotechnology: Biological Products (No Diagnostic Substances)
LEU,Centrus Energy Corp. Class A Common Stock,$23.22,0.74,3.292%,321648897.00,United States,2014,60920,,
LGL,LGL Group Inc. (The) Common Stock,$11.21,-0.09,-0.796%,59101407.00,United States,,19989,Capital Goods,Industrial Machinery/Components
LNG,Cheniere Energy Inc. Common Stock,$87.35,0.13,0.149%,22146485863.00,United States,,659160,Public Utilities,Oil/Gas Transmission
LODE,Comstock Mining Inc. Common Stock,$4.29,0.57,15.323%,182134159.00,United States,,4450151,Finance,Real Estate
LOV,Spark Networks Inc. American Depositary Shares (each representing one-tenth of an Ordinary Share),$5.49,-0.35,-5.993%,143052326.00,United States,2017,66499,Miscellaneous,Other Consumer Services
LSF,Laird Superfood Inc. Common Stock,$32.48,-0.46,-1.396%,292024562.00,,2020,33848,Consumer Non-Durables,Specialty Foods
LXFR,Luxfer Holdings PLC Ordinary Shares,$22.62,-0.23,-1.007%,648055422.00,United Kingdom,2012,78980,Capital Goods,Metal Fabrications
MAG,MAG Silver Corporation Ordinary Shares,$22.09,0.48,2.221%,2095014363.00,Canada,,351388,Basic Industries,Precious Metals
MCF,Contango Oil & Gas Company Common Stock (TX),$5.39,-0.15,-2.708%,1081701157.00,United States,,1663767,Energy,Oil & Gas Production
MHH,Mastech Digital Inc Common Stock,$17.21,0.95,5.843%,196728405.00,United States,,44489,Consumer Services,Professional Services
MLSS,Milestone Scientific Inc. Common Stock,$2.02,-0.08,-3.81%,134845494.00,United States,2015,248796,Health Care,Industrial Specialties
MMX,Maverix Metals Inc. Common Shares,$5.86,0.10,1.736%,827530354.00,,,63334,,
MSN,Emerson Radio Corporation Common Stock,$1.25,0.01,0.806%,26303315.00,United States,,82039,Consumer Non-Durables,Consumer Electronics/Appliances
MTA,Metalla Royalty & Streaming Ltd. Common Shares,$10.21,-0.13,-1.257%,431913507.00,,,141634,Basic Industries,Precious Metals
MTNB,Matinas Biopharma Holdings Inc. Common Stock,$0.8194,-0.009,-1.086%,167390287.00,United States,2017,855194,Health Care,Major Pharmaceuticals
MXC,Mexco Energy Corporation Common Stock,$8.90,-0.02,-0.224%,18437827.00,United States,,32103,Energy,Oil & Gas Production
MYO,Myomo Inc. Common Stock,$10.135,-0.095,-0.929%,56796773.00,United States,2017,67943,Health Care,Industrial Specialties
NAK,Northern Dynasty Minerals Ltd. Common Stock,$0.5778,0.0043,0.75%,296353734.00,Canada,,6382788,Basic Industries,Precious Metals
NAVB,Navidea Biopharmaceuticals Inc. Common Stock,$1.78,0.05,2.89%,51665233.00,United States,,53267,Health Care,Biotechnology: In Vitro & In Vivo Diagnostic Substances
NBA,New Beginnings Acquisition Corp. Common Stock,$10.06,0.00,0.00%,150095200.00,,2020,72765,,
NBH,Neuberger Berman Municipal Fund Inc. Common Stock,$15.76,-0.09,-0.568%,296573193.00,United States,2002,30543,,
NBO,Neuberger Berman New York Municipal Fund Inc. Common Stock,$13.22,0.13,0.993%,67123453.00,United States,2002,13167,,
NBW,Neuberger Berman California Municipal Fund Inc Common Stock,$14.44,0.25,1.762%,80157075.00,United States,2002,13445,,
NBY,NovaBay Pharmaceuticals Inc. Common Stock,$0.7199,0.0417,6.149%,30194466.00,United States,2007,765537,Health Care,Major Pharmaceuticals
NEN,New England Realty Associates Limited Partnership Class A Depositary Receipts Evidencing Units of Limited Partnership,$60.05,0.00,0.00%,219344395.00,United States,,71,Consumer Services,Building operators
NES,Nuverra Environmental Solutions Inc. Common Stock,$2.34,0.05,2.183%,37440187.00,United States,2017,4934,Public Utilities,Water Supply
NEWP,New Pacific Metals Corp. Common Shares,$5.32,0.07,1.333%,818409893.00,,2021,150692,Capital Goods,Medical Specialities
NG,Novagold Resources Inc.,$10.22,0.06,0.591%,3386204700.00,Canada,,558695,Basic Industries,Precious Metals
NGD,New Gold Inc.,$2.12,0.06,2.913%,1443084000.00,Canada,,4598229,Basic Industries,Precious Metals
NHC,National HealthCare Corporation Common Stock,$73.35,-1.30,-1.741%,1129086819.00,United States,,23359,Health Care,Hospital/Nursing Management
NHS,Neuberger Berman High Yield Strategies Fund,$13.22,-0.0496,-0.374%,258326534.00,United States,,33177,,
NML,Neuberger Berman MLP and Energy Income Fund Inc. Common Stock,$5.07,0.14,2.84%,287260765.00,,2013,108163,,
NNVC,NanoViricides Inc. Common Stock,$3.75,0.05,1.351%,43143750.00,United States,,38820,Health Care,Major Pharmaceuticals
NOG,Northern Oil and Gas Inc. Common Stock,$18.86,0.28,1.507%,1139199920.00,United States,,509377,Energy,Oil & Gas Production
NRO,Neuberger Berman Real Estate Securities Income Fund Inc. Neuberger Berman Real Estate Securities Income Fund Inc.,$4.96,0.03,0.609%,235205189.00,United States,2003,150852,,
NTIP,Network-1 Technologies Inc. Common Stock,$3.42,0.02,0.588%,82480581.00,United States,,4509,Capital Goods,Telecommunications Equipment
NXE,Nexgen Energy Ltd. Common Shares,$4.83,0.23,5.00%,2273403329.00,,,2155967,Basic Industries,Precious Metals
OGEN,Oragenics Inc. Common Stock,$0.7225,-0.0075,-1.027%,83548647.00,United States,,1418536,Health Care,Major Pharmaceuticals
ORLA,Orla Mining Ltd. Common Shares,$4.43,0.05,1.142%,1052953521.00,,2020,385891,Basic Industries,Precious Metals
PCG^A,Pacific Gas & Electric Co. 6% Preferred Stock,$29.90,0.36,1.219%,,United States,,917,,
PCG^B,Pacific Gas & Electric Co. 5 1/2% Preferred Stock,$27.46,-0.02,-0.073%,,United States,,200,,
PCG^C,Pacific Gas & Electric Co. 5% 1st Preferred Stock,$25.7792,0.5292,2.096%,,United States,,115,,
PCG^D,Pacific Gas & Electric Co. 5% 1st  Red. Preferred Stock,$24.95,0.0599,0.241%,,United States,,100,,
PCG^E,Pacific Gas & Electric Co. 5% 1st A Preferred Stock,$25.00,0.00,0.00%,,United States,,250,,
PCG^G,Pacific Gas & Electric Co. 4.80% 1st Preferred Stock,$24.07,0.08,0.333%,,United States,,518,,
PCG^H,Pacific Gas & Electric Co. 4.50% 1st Preferred Stock,$22.90,0.225,0.992%,,United States,,2485,,
PCG^I,Pacific Gas & Electric Co. 4.36% 1st Preferred Stock,$22.66,0.26,1.161%,,United States,,220,,
PED,Pedevco Corp. Common Stock,$1.48,-0.01,-0.671%,117603172.00,United States,,94374,,
PHGE,BiomX Inc. COmmon Stock,$6.08,-0.01,-0.164%,147906452.00,,2019,13727,Health Care,Major Pharmaceuticals
PLAG,Planet Green Holdings Corp. Common Stock,$1.625,0.015,0.932%,39016136.00,China,,58152,,
PLG,Platinum Group Metals Ltd. Ordinary Shares (Canada),$4.17,0.22,5.57%,308404501.00,Canada,,539052,Basic Industries,Precious Metals
PLM,Polymet Mining Corporation Ordinary Shares (Canada),$3.28,-0.09,-2.671%,330877610.00,Canada,,340242,Basic Industries,Precious Metals
PLX,Protalix BioTherapeutics Inc. (DE) Common Stock,$2.14,-0.08,-3.604%,97119258.00,Israel,,2115457,Health Care,Biotechnology: Biological Products (No Diagnostic Substances)
PLYM^A,Plymouth Industrial REIT Inc. 7.50% Series A Cumulative Redeemable Preferred Stock,$26.64,0.00,0.00%,,United States,,257,,
PRK,Park National Corporation Common Stock,$125.97,-1.29,-1.014%,2058430925.00,United States,,21972,Finance,Major Banks
PTK,PTK Acquisition Corp. Common Stock,$9.88,0.02,0.203%,142025000.00,United States,2020,12749,,
PTN,Palatin Technologies Inc. Common Stock,$0.5764,0.0131,2.326%,132600642.00,United States,,1944455,Health Care,Major Pharmaceuticals
PW,Power REIT (MD) Common Stock,$44.54,0.05,0.112%,146961200.00,United States,,6047,Consumer Services,Real Estate Investment Trusts
PZG,Paramount Gold Nevada Corp. Common Stock,$1.05,0.01,0.962%,39581241.00,United States,2015,159702,Basic Industries,Precious Metals
RCG,RENN Fund Inc Common Stock,$2.6799,0.058,2.212%,15950647.00,United States,,47644,,
REI,Ring Energy Inc. Common Stock,$2.73,0.02,0.738%,271023308.00,United States,,2202940,Energy,Oil & Gas Production
REPX,Riley Exploration Permian Inc. Common Stock,$36.38,1.40,4.002%,655622934.00,United States,,19119,Energy,Oil & Gas Production
RHE,Regional Health Properties Inc. Common Stock,$14.66,2.68,22.371%,24749291.00,,2017,7405690,Health Care,Hospital/Nursing Management
RHE^A,Regional Health Properties Inc. 10.875% Series A Cumulative Redeemable Preferred Stock,$5.95,0.0001,0.002%,,,,45648,,
RLGT,Radiant Logistics Inc. Common Stock,$7.45,0.00,0.00%,373390081.00,United States,,105901,Transportation,Oil Refining/Marketing
RMED,Ra Medical Systems Inc. Common Stock,$4.88,0.53,12.184%,24847218.00,,2018,37169269,Health Care,Medical/Dental Instruments
RVP,Retractable Technologies Inc. Common Stock,$10.07,-0.02,-0.198%,342421327.00,United States,,283800,Health Care,Medical/Dental Instruments
SACC,Sachem Capital Corp. 6.875% Notes due 2024,$25.39,0.05,0.197%,0.00,United States,2019,4210,Consumer Services,Real Estate Investment Trusts
SACH,Sachem Capital Corp. Common Shares,$5.11,0.03,0.591%,125543630.00,United States,2017,533211,Consumer Services,Real Estate Investment Trusts
SCCB,Sachem Capital Corp. 7.125% Notes due 2024,$26.01,0.13,0.502%,0.00,United States,2019,483,Consumer Services,Real Estate Investment Trusts
SCCC,Sachem Capital Corp. 7.75% Notes due 2025,$26.05,0.02,0.077%,0.00,United States,2020,3712,Consumer Services,Real Estate Investment Trusts
SDPI,Superior Drilling Products Inc. Common Stock,$0.8723,-0.0011,-0.126%,22472491.00,,2014,112459,Energy,Metal Fabrications
SEB,Seaboard Corporation Common Stock,$3758.95,-3.05,-0.081%,4363310222.00,United States,1996,348,,
SENS,Senseonics Holdings Inc. Common Stock,$2.91,0.86,41.951%,1245690090.00,United States,,219778529,Health Care,Medical Specialities
SIF,SIFCO Industries Inc. Common Stock,$10.10,-0.97,-8.762%,60490203.00,United States,,29528,Capital Goods,Office Equipment/Supplies/Services
SILV,SilverCrest Metals Inc. Common Shares,$9.75,0.23,2.416%,1408465149.00,,2018,618369,Capital Goods,Industrial Machinery/Components
SIM,Grupo Simec S.A.B. de C.V. American Depositary Shares,$22.51,0.40,1.809%,3472388638.00,Mexico,1993,395,Basic Industries,Steel/Iron Ore
SMTS,Sierra Metals Inc. Common Stock,$3.60,0.25,7.463%,588341340.00,,,414417,Basic Industries,Precious Metals
SNMP,Evolve Transition Infrastructure LP Common Stock,$0.7529,-0.0324,-4.126%,42301971.00,United States,,675803,Energy,Oil & Gas Production
SSY,SunLink Health Systems Inc. Common Stock,$3.63,0.35,10.671%,25119792.00,United States,,2951067,Health Care,Medical/Nursing Services
STXS,Stereotaxis Inc. Common Stock,$7.80,0.10,1.299%,578088958.00,United States,,1149438,Health Care,Biotechnology: Electromedical & Electrotherapeutic Apparatus
SVM,Silvercorp Metals Inc. Common Shares,$6.27,0.05,0.804%,1102781457.00,,,614915,Basic Industries,Precious Metals
SVT,Servotronics Inc. Common Stock,$8.4107,-0.0793,-0.934%,20845979.00,United States,,16366,Consumer Durables,Metal Fabrications
SYN,Synthetic Biologics Inc. Common Stock,$0.5824,0.0074,1.287%,76901574.00,United States,,4822792,Health Care,Major Pharmaceuticals
TGB,Taseko Mines Ltd. Common Stock,$2.44,0.08,3.39%,690981219.00,Canada,,1079692,Basic Industries,Precious Metals
THM,International Tower Hill Mines Ltd. Ordinary Shares (Canada),$1.07,-0.03,-2.727%,208551757.00,Canada,,44257,Basic Industries,Precious Metals
TKAT,Takung Art Co. Ltd. Common Stock,$17.96,-0.24,-1.319%,209456327.00,,,769605,Consumer Services,Catalog/Specialty Distribution
TMBR,Timber Pharmaceuticals Inc. Common Stock,$1.23,0.01,0.82%,45316945.00,United States,2015,920095,Consumer Durables,Specialty Chemicals
TMP,Tompkins Financial Corporation Common Stock,$82.50,-0.04,-0.048%,1229665553.00,United States,,24054,Finance,Major Banks
TMQ,Trilogy Metals Inc. Common Stock,$2.99,0.15,5.282%,431435394.00,Canada,,307245,Basic Industries,Precious Metals
TPHS,Trinity Place Holdings Inc. Common Stock,$1.88,-0.08,-4.082%,61016468.00,,,56869,Consumer Services,Real Estate
TRT,Trio-Tech International Common Stock,$6.10,0.50,8.929%,23869636.00,United States,,472067,Technology,Industrial Machinery/Components
TRX,Tanzanian Gold Corporation Common Stock,$0.5056,0.0006,0.119%,128862553.00,Canada,,1516147,Basic Industries,Precious Metals
UAMY,United States Antimony Corporation Common Stock,$0.9587,0.0667,7.478%,101639412.00,United States,,5217965,,
UAVS,AgEagle Aerial Systems Inc. Common Stock,$5.24,0.22,4.382%,361330100.00,United States,,5203817,,
UEC,Uranium Energy Corp. Common Stock,$3.31,0.14,4.416%,770602295.00,Canada,,3723122,Basic Industries,Other Metals and Minerals
UFAB,Unique Fabricating Inc. Common Stock,$3.40,-0.10,-2.857%,33249100.00,United States,2015,8281,Capital Goods,Auto Parts:O.E.M.
URG,Ur Energy Inc Common Shares (Canada),$1.53,0.09,6.25%,289765323.00,Canada,,1993933,Basic Industries,Other Metals and Minerals
USAS,Americas Gold and Silver Corporation Common Shares no par value,$1.74,0.03,1.754%,231579125.00,,2017,1059668,Basic Industries,Precious Metals
UTG,Reaves Utility Income Fund Common Shares of Beneficial Interest,$35.01,0.02,0.057%,1949949869.00,United States,2004,167242,,
UUU,Universal Security Instruments Inc. Common Stock,$6.68,0.47,7.568%,15450085.00,United States,,394388,Miscellaneous,Diversified Manufacture
UUUU,Energy Fuels Inc Ordinary Shares (Canada),$7.03,0.13,1.884%,1008353076.00,,,2421664,Basic Industries,Mining & Quarrying of Nonmetallic Minerals (No Fuels)
VCF,Delaware Investments Colorado Municipal Income Fund Inc  Common Stock,$14.68,0.06,0.41%,71008628.00,United States,1993,2682,,
VFL,Delaware Investments National Municipal Income Fund Common Stock,$13.842,-0.028,-0.202%,62682708.00,United States,1993,11162,,
VGZ,Vista Gold Corp Common Stock,$1.19,0.01,0.847%,123937218.00,United States,,164567,Basic Industries,Precious Metals
VHAQ,Viveon Health Acquisition Corp. Common Stock,$9.94,0.00,0.00%,250053125.00,,2021,190,,
VKI,Invesco Advantage Municipal Income Trust II Common Shares of Beneficial Interest (DE),$12.27,-0.01,-0.081%,544684331.00,United States,,58410,,
VMM,Delaware Investments Minnesota Municipal Income Fund II Inc. Common Stock,$13.77,0.00,0.00%,158423506.00,United States,1993,8225,,
VNRX,VolitionRX Limited Common Stock,$3.38,-0.17,-4.789%,178777370.00,Singapore,2015,132627,Health Care,Biotechnology: Biological Products (No Diagnostic Substances)
VOLT,Volt Information Sciences Inc. Common Stock,$3.74,0.09,2.466%,81294791.00,United States,,38909,Consumer Services,Movies/Entertainment
WLMS,Williams Industrial Services Group Inc. Common Stock,$5.35,0.29,5.731%,138543605.00,,2021,157699,Capital Goods,Oilfield Services/Equipment
WRN,Western Copper and Gold Corporation Common Stock,$2.51,0.01,0.40%,370491374.00,Canada,2011,537938,Basic Industries,Precious Metals
WTT,Wireless Telecom Group  Inc. Common Stock,$1.84,0.11,6.358%,39854985.00,United States,,105792,Capital Goods,Telecommunications Equipment
WWR,Westwater Resources Inc. Common Stock,$4.36,0.11,2.588%,140986333.00,United States,,1924262,Basic Industries,Other Metals and Minerals
WYY,WidePoint Corporation Common Stock,$6.81,-0.18,-2.575%,61775907.00,United States,,73594,Technology,EDP Services
XPL,Solitario Zinc Corp. Common Stock,$0.7218,0.0118,1.662%,42174136.00,United States,,898125,,
XTNT,Xtant Medical Holdings Inc. Common Stock,$1.68,0.09,5.66%,145668240.00,United States,,184283,Health Care,Medical Specialities
XXII,22nd Century Group Inc. Common Stock,$4.63,0.03,0.652%,705816475.00,United States,,1160848,Consumer Non-Durables,Farming/Seeds/Milling
YCBD,cbdMD Inc. Common Stock,$3.04,-0.05,-1.618%,173220918.00,United States,2017,134453,Health Care,Major Pharmaceuticals
YCBD^A,cbdMD Inc. 8.0% Series A Cumulative Convertible Preferred Stock,$8.68,0.00,0.00%,,United States,,1949,,
ZDGE,Zedge Inc. Class B Common Stock ,$14.44,0.31,2.194%,195397762.00,,2016,180619,Technology,Computer Software: Prepackaged Software
ZOM,Zomedica Corp. Common Shares,$0.9094,-0.059,-6.093%,886073966.00,United States,2017,62896814,,
